{"cameraMode":{"drawMode":0,"name":"Shaded","section":"Shading Mode"},"sceneLighting":true,"audioPlay":false,"sceneViewState":{"m_AlwaysRefresh":false,"showFog":true,"showSkybox":true,"showFlares":true,"showImageEffects":true,"showParticleSystems":true,"showVisualEffectGraphs":true,"m_FxEnabled":true},"in2DMode":false,"pivot":{"x":2.466212749481201,"y":1.1191844940185547,"z":-6.257181167602539},"rotation":{"x":0.0021676926407963039,"y":0.9977990984916687,"z":-0.05124182626605034,"w":0.0422322042286396},"size":7.972765922546387,"orthographic":false}